{"cameraMode":{"drawMode":0,"name":"Shaded","section":"Shading Mode"},"sceneLighting":true,"audioPlay":false,"sceneViewState":{"showFog":true,"showMaterialUpdate":false,"showSkybox":true,"showFlares":true,"showImageEffects":true,"showParticleSystems":true,"showVisualEffectGraphs":true,"m_FxEnabled":true},"in2DMode":false,"pivot":{"x":158.54806518554688,"y":2.706202507019043,"z":126.76522064208985},"rotation":{"x":-0.0007848449749872088,"y":-0.9991894960403442,"z":-0.009577556513249874,"w":0.04284476488828659},"size":2.0330963134765627,"orthographic":true}